{
  "emitters": [
    {
      "spec": {
        "shader": "particle_add_ramp",
        "baseTexture": "/pa/effects/textures/particles/softdot.papa",
        "rampTexture": "/pa/effects/textures/particles/uncompressed/no_ramp.papa",
        "dataChannelFormat": "PositionAndColor",
        "size": [[0, 1], [1, 0.2]],
"red" : [[0.00,1.00],[0.03,1.00],[0.05,1.00],[0.07,1.00],[0.10,1.00],[0.12,1.00],[0.15,1.00],[0.17,0.95],[0.20,0.80],[0.23,0.65],[0.25,0.50],[0.28,0.35],[0.30,0.20],[0.33,0.05],[0.35,0.00],[0.38,0.00],[0.40,0.00],[0.42,0.00],[0.45,0.00],[0.47,0.00],[0.50,0.00],[0.53,0.00],[0.55,0.00],[0.57,0.00],[0.60,0.00],[0.62,0.00],[0.65,0.00],[0.68,0.05],[0.70,0.20],[0.72,0.35],[0.75,0.50],[0.78,0.65],[0.80,0.80],[0.82,0.95],[0.85,1.00],[0.88,1.00],[0.90,1.00],[0.93,1.00],[0.95,1.00],[0.97,1.00],[1.00,1.00]],
"green" : [[0.00,0.00],[0.03,0.15],[0.05,0.30],[0.07,0.45],[0.10,0.60],[0.12,0.75],[0.15,0.90],[0.17,1.00],[0.20,1.00],[0.23,1.00],[0.25,1.00],[0.28,1.00],[0.30,1.00],[0.33,1.00],[0.35,1.00],[0.38,1.00],[0.40,1.00],[0.42,1.00],[0.45,1.00],[0.47,1.00],[0.50,1.00],[0.53,0.85],[0.55,0.70],[0.57,0.55],[0.60,0.40],[0.62,0.25],[0.65,0.10],[0.68,0.00],[0.70,0.00],[0.72,0.00],[0.75,0.00],[0.78,0.00],[0.80,0.00],[0.82,0.00],[0.85,0.00],[0.88,0.00],[0.90,0.00],[0.93,0.00],[0.95,0.00],[0.97,0.00],[1.00,0.00]],
"blue" : [[0.00,0.00],[0.03,0.00],[0.05,0.00],[0.07,0.00],[0.10,0.00],[0.12,0.00],[0.15,0.00],[0.17,0.00],[0.20,0.00],[0.23,0.00],[0.25,0.00],[0.28,0.00],[0.30,0.00],[0.33,0.00],[0.35,0.10],[0.38,0.25],[0.40,0.40],[0.42,0.55],[0.45,0.70],[0.47,0.85],[0.50,1.00],[0.53,1.00],[0.55,1.00],[0.57,1.00],[0.60,1.00],[0.62,1.00],[0.65,1.00],[0.68,1.00],[0.70,1.00],[0.72,1.00],[0.75,1.00],[0.78,1.00],[0.80,1.00],[0.82,1.00],[0.85,0.90],[0.88,0.75],[0.90,0.60],[0.93,0.45],[0.95,0.30],[0.97,0.15],[1.00,0.00]],
        "alpha": [[0, 5], [1, 0]],
        "cameraPush": 0.5
      },
      "sizeX": 0.8,
      "sizeRangeX": 0.5,
            "velocityX" : [[0.0, -0.0], [0.05, -15.450849718747369], [0.1, -29.389262614623657], [0.15, -40.45084971874737], [0.2, -47.55282581475767], [0.25, -50.0], [0.3, -47.55282581475768], [0.35, -40.45084971874737], [0.4, -29.38926261462366], [0.45, -15.450849718747374], [0.5, -6.123233995736766e-15], [0.55, 15.450849718747385], [0.6, 29.38926261462365], [0.65, 40.450849718747364], [0.7, 47.55282581475767], [0.75, 50.0], [0.8, 47.55282581475768], [0.85, 40.45084971874738], [0.9, 29.389262614623668], [0.95, 15.450849718747381], [1.0, 1.2246467991473532e-14]],
      "velocityZ" : [[0.0, -50.0], [0.05, -47.55282581475767], [0.1, -40.45084971874737], [0.15, -29.389262614623657], [0.2, -15.450849718747373], [0.25, -3.061616997868383e-15], [0.3, 15.450849718747367], [0.35, 29.38926261462365], [0.4, 40.450849718747364], [0.45, 47.55282581475767], [0.5, 50.0], [0.55, 47.55282581475767], [0.6, 40.45084971874738], [0.65, 29.38926261462366], [0.7, 15.450849718747376], [0.75, 9.184850993605147e-15], [0.8, -15.45084971874736], [0.85, -29.389262614623643], [0.9, -40.450849718747364], [0.95, -47.55282581475767], [1.0, -50.0]],
      "velocityY" : 30,
      "offsetX" : [[0.0, 0.0], [0.05, 1.545084971874737], [0.1, 2.938926261462366], [0.15, 4.045084971874737], [0.2, 4.755282581475767], [0.25, 5.0], [0.3, 4.755282581475768], [0.35, 4.045084971874737], [0.4, 2.9389262614623664], [0.45, 1.5450849718747375], [0.5, 6.123233995736766e-16], [0.55, -1.5450849718747386], [0.6, -2.938926261462365], [0.65, -4.045084971874736], [0.7, -4.755282581475767], [0.75, -5.0], [0.8, -4.755282581475768], [0.85, -4.045084971874738], [0.9, -2.938926261462367], [0.95, -1.5450849718747381], [1.0, -1.2246467991473533e-15]],
      "offsetZ" : [[0.0, 5.0], [0.05, 4.755282581475767], [0.1, 4.045084971874737], [0.15, 2.938926261462366], [0.2, 1.5450849718747373], [0.25, 3.061616997868383e-16], [0.3, -1.5450849718747368], [0.35, -2.938926261462365], [0.4, -4.045084971874736], [0.45, -4.755282581475767], [0.5, -5.0], [0.55, -4.755282581475767], [0.6, -4.045084971874738], [0.65, -2.9389262614623664], [0.7, -1.5450849718747377], [0.75, -9.184850993605148e-16], [0.8, 1.5450849718747361], [0.85, 2.9389262614623646], [0.9, 4.045084971874736], [0.95, 4.755282581475767], [1.0, 5.0]],
      "offsetRangeZ" : 0.5,
      "offsetRangeY" : 0.5,
      "offsetRangeX" : 0.5,
      "emissionRate": 100,
      "emissionBursts": 1,
      "maxParticles": 2000,
      "lifetime": 2.0,
      "useWorldSpace": true,
      "killOnDeactivate": false,
      "endDistance": 4800
    },
    {
      "spec": {
        "shader": "particle_add_ramp",
        "baseTexture": "/pa/effects/textures/particles/softdot.papa",
        "rampTexture": "/pa/effects/textures/particles/uncompressed/no_ramp.papa",
        "dataChannelFormat": "PositionAndColor",
        "size": [[0, 1], [1, 0.2]],
"red" : [[0.00,0.02],[0.03,0.00],[0.05,0.00],[0.07,0.00],[0.10,0.00],[0.12,0.00],[0.15,0.00],[0.17,0.00],[0.20,0.00],[0.23,0.00],[0.25,0.00],[0.28,0.00],[0.30,0.00],[0.33,0.00],[0.35,0.08],[0.38,0.23],[0.40,0.38],[0.42,0.53],[0.45,0.68],[0.47,0.83],[0.50,0.98],[0.53,1.00],[0.55,1.00],[0.57,1.00],[0.60,1.00],[0.62,1.00],[0.65,1.00],[0.68,1.00],[0.70,1.00],[0.72,1.00],[0.75,1.00],[0.78,1.00],[0.80,1.00],[0.82,1.00],[0.85,0.92],[0.88,0.77],[0.90,0.62],[0.93,0.47],[0.95,0.32],[0.97,0.17],[1.00,0.02]],
"green" : [[0.00,1.00],[0.03,1.00],[0.05,1.00],[0.07,1.00],[0.10,1.00],[0.12,1.00],[0.15,1.00],[0.17,0.97],[0.20,0.82],[0.23,0.67],[0.25,0.52],[0.28,0.37],[0.30,0.22],[0.33,0.07],[0.35,0.00],[0.38,0.00],[0.40,0.00],[0.42,0.00],[0.45,0.00],[0.47,0.00],[0.50,0.00],[0.53,0.00],[0.55,0.00],[0.57,0.00],[0.60,0.00],[0.62,0.00],[0.65,0.00],[0.68,0.03],[0.70,0.18],[0.72,0.33],[0.75,0.48],[0.78,0.63],[0.80,0.78],[0.82,0.93],[0.85,1.00],[0.88,1.00],[0.90,1.00],[0.93,1.00],[0.95,1.00],[0.97,1.00],[1.00,1.00]],
"blue" : [[0.00,0.00],[0.03,0.13],[0.05,0.28],[0.07,0.43],[0.10,0.58],[0.12,0.73],[0.15,0.88],[0.17,1.00],[0.20,1.00],[0.23,1.00],[0.25,1.00],[0.28,1.00],[0.30,1.00],[0.33,1.00],[0.35,1.00],[0.38,1.00],[0.40,1.00],[0.42,1.00],[0.45,1.00],[0.47,1.00],[0.50,1.00],[0.53,0.87],[0.55,0.72],[0.57,0.57],[0.60,0.42],[0.62,0.27],[0.65,0.12],[0.68,0.00],[0.70,0.00],[0.72,0.00],[0.75,0.00],[0.78,0.00],[0.80,0.00],[0.82,0.00],[0.85,0.00],[0.88,0.00],[0.90,0.00],[0.93,0.00],[0.95,0.00],[0.97,0.00],[1.00,0.00]],
        "alpha": [[0, 5], [1, 0]],
        "cameraPush": 0.5
      },
      "sizeX": 0.8,
      "sizeRangeX": 0.5,
            "velocityX" : [[0.0, -43.81533400219317], [0.04999999999999999, -34.22735529643444], [0.10000000000000003, -21.288964578253626], [0.14999999999999997, -6.266661678215226], [0.2, 9.369065729286238], [0.25000000000000006, 24.08768370508577], [0.3, 36.44843137107056], [0.3499999999999999, 45.24135262330096], [0.39999999999999997, 49.605735065723884], [0.45, 49.11436253643443], [0.5, 43.81533400219316], [0.55, 34.22735529643441], [0.5999999999999999, 21.288964578253648], [0.6499999999999999, 6.2666616782152325], [0.7, -9.36906572928621], [0.75, -24.08768370508578], [0.8, -36.44843137107058], [0.8499999999999999, -45.24135262330096], [0.8999999999999999, -49.605735065723884], [0.95, -49.11436253643443], [1.0, -43.81533400219316]],
      "velocityZ" : [[0.0, 24.08768370508577], [0.04999999999999999, 36.44843137107056], [0.10000000000000003, 45.24135262330098], [0.14999999999999997, 49.605735065723884], [0.2, 49.11436253643443], [0.25000000000000006, 43.81533400219317], [0.3, 34.227355296434446], [0.3499999999999999, 21.288964578253648], [0.39999999999999997, 6.266661678215229], [0.45, -9.369065729286213], [0.5, -24.087683705085787], [0.55, -36.44843137107059], [0.5999999999999999, -45.24135262330096], [0.6499999999999999, -49.605735065723884], [0.7, -49.11436253643443], [0.75, -43.81533400219316], [0.8, -34.22735529643442], [0.8499999999999999, -21.28896457825365], [0.8999999999999999, -6.266661678215236], [0.95, 9.36906572928625], [1.0, 24.087683705085777]],
      "velocityY" : 30,